{"nm":"Frame 1","v":"5.9.6","fr":60,"ip":0,"op":60,"w":440,"h":389,"ddd":0,"markers":[],"assets":[{"nm":"[GROUP] Vector - Null / Vector","fr":60,"id":"lh9r28t5haa70dfdruf","layers":[{"ty":3,"ddd":0,"ind":27496,"hd":false,"nm":"🦆 icon \"heart\" - Null","ks":{"a":{"a":0,"k":[70.324,62.5885]},"o":{"a":0,"k":100},"p":{"a":0,"k":[220.324,202.5885]},"r":{"a":0,"k":0},"s":{"a":1,"k":[{"t":1.7999999999999998,"s":[100,100],"o":{"x":[0.5],"y":[0.35]},"i":{"x":[0.15],"y":[1]}},{"t":16.8,"s":[139,139],"o":{"x":[0.5],"y":[0.35]},"i":{"x":[0.15],"y":[1]}},{"t":60,"s":[100,100]}]},"sk":{"a":0,"k":0},"sa":{"a":0,"k":0}},"st":0,"ip":0,"op":60,"bm":0,"sr":1},{"ty":3,"ddd":0,"ind":88657,"hd":false,"nm":"Vector - Null","parent":27496,"ks":{"a":{"a":0,"k":[0,0]},"o":{"a":0,"k":100},"p":{"a":0,"k":[0,0]},"r":{"a":0,"k":0},"s":{"a":0,"k":[100,100]},"sk":{"a":0,"k":0},"sa":{"a":0,"k":0}},"st":0,"ip":0,"op":60,"bm":0,"sr":1},{"ty":4,"ddd":0,"ind":97038,"hd":false,"nm":"Vector","parent":88657,"ks":{"a":{"a":0,"k":[0,0]},"p":{"a":0,"k":[0,0]},"s":{"a":0,"k":[100,100]},"sk":{"a":0,"k":0},"sa":{"a":0,"k":0},"r":{"a":0,"k":0},"o":{"a":0,"k":100}},"st":0,"ip":0,"op":60,"bm":0,"sr":1,"shapes":[{"ty":"gr","nm":"Group","hd":false,"np":3,"it":[{"ty":"sh","nm":"Path","hd":false,"ks":{"a":0,"k":{"c":true,"v":[[74.6841,124.544],[65.9639,124.544],[0,39.3112],[39.1001,0.0001],[70.324,15.7527],[101.5479,0.0001],[140.648,39.3112],[74.6841,124.544],[74.6841,124.544]],"i":[[0,0],[2.391,0.8439],[0,49.2269],[-21.5895,0],[-7.1027,-9.5641],[-12.7286,0],[0,-21.7301],[20.394,-6.9621],[0,0]],"o":[[-2.3910199999999975,0.8438900000000018],[-20.39396,-6.96208],[0,-21.73012],[12.798969999999997,0],[7.102720000000005,-9.56406],[21.589470000000006,0],[0,49.22694],[0,0],[0,0]]}}},{"ty":"fl","o":{"a":1,"k":[{"t":0,"s":[100],"o":{"x":[0.5],"y":[0.35]},"i":{"x":[0.15],"y":[1]}},{"t":1.2,"s":[100]}]},"c":{"a":1,"k":[{"t":0,"s":[1,1,1,1],"o":{"x":[0.5],"y":[0.35]},"i":{"x":[0.15],"y":[1]}},{"t":1.2,"s":[1,0.25098039215686274,0.25098039215686274,1]}]},"nm":"Fill","hd":false,"r":1},{"ty":"tr","a":{"a":0,"k":[0,0]},"p":{"a":0,"k":[0,0]},"s":{"a":0,"k":[100,100]},"sk":{"a":0,"k":0},"sa":{"a":0,"k":0},"r":{"a":0,"k":0},"o":{"a":0,"k":100}}]}],"ef":[]}]},{"nm":"[FRAME CLIPS CONTENT] Frame 1 - Null / 🦆 icon \"heart\" / Ellipse 1 - Null / Ellipse 1","fr":60,"id":"lh9r28t4ucnblwjdug","layers":[{"ty":3,"ddd":0,"ind":12144,"hd":false,"nm":"Frame 1 - Null","ks":{"a":{"a":0,"k":[0,0]},"o":{"a":0,"k":100},"p":{"a":0,"k":[0,0]},"r":{"a":0,"k":0},"s":{"a":0,"k":[100,100]},"sk":{"a":0,"k":0},"sa":{"a":0,"k":0}},"st":0,"ip":0,"op":60,"bm":0,"sr":1},{"ddd":0,"ty":0,"nm":"🦆 icon \"heart\"","refId":"lh9r28t5haa70dfdruf","sr":1,"ks":{"a":{"a":0,"k":[0,0]},"p":{"a":0,"k":[0,0]},"s":{"a":0,"k":[100,100]},"sk":{"a":0,"k":0},"sa":{"a":0,"k":0},"r":{"a":0,"k":0},"o":{"a":0,"k":100}},"ao":0,"w":440,"h":389,"ip":0,"op":60,"st":0,"hd":false},{"ty":3,"ddd":0,"ind":86273,"hd":false,"nm":"Ellipse 1 - Null","parent":12144,"ks":{"a":{"a":0,"k":[0,0]},"o":{"a":0,"k":100},"p":{"a":0,"k":[106,80]},"r":{"a":0,"k":0},"s":{"a":0,"k":[100,100]},"sk":{"a":0,"k":0},"sa":{"a":0,"k":0}},"st":0,"ip":0,"op":60,"bm":0,"sr":1},{"ty":4,"ddd":0,"ind":50251,"hd":false,"nm":"Ellipse 1","parent":86273,"ks":{"a":{"a":0,"k":[0,0]},"p":{"a":0,"k":[0,0]},"s":{"a":0,"k":[100,100]},"sk":{"a":0,"k":0},"sa":{"a":0,"k":0},"r":{"a":0,"k":0},"o":{"a":0,"k":100}},"st":0,"ip":0,"op":60,"bm":0,"sr":1,"shapes":[{"ty":"gr","nm":"Group","hd":false,"np":3,"it":[{"ty":"sh","nm":"Path","hd":false,"ks":{"a":0,"k":{"c":true,"v":[[228,114],[222.4254,149.226],[206.226,181.0092],[181.0092,206.226],[149.226,222.4254],[114,228],[78.774,222.4254],[46.9908,206.226],[21.774,181.0092],[5.5746,149.226],[0,114],[5.5746,78.774],[21.774,46.9908],[46.9908,21.774],[78.774,5.5746],[114,0],[149.226,5.5746],[181.0092,21.774],[206.226,46.9908],[222.4254,78.774],[228,114],[228,114]],"i":[[0,0],[3.6936,-11.3772],[7.0338,-9.6786],[9.6786,-7.0338],[11.3772,-3.6936],[11.9586,0],[11.3772,3.6936],[9.6786,7.0338],[7.0338,9.6786],[3.6936,11.3772],[0,11.9586],[-3.6936,11.3772],[-7.0338,9.6786],[-9.6786,7.0338],[-11.3772,3.6936],[-11.9586,0],[-11.3772,-3.6936],[-9.6786,-7.0338],[-7.0338,-9.6786],[-3.6936,-11.3772],[0,-11.9586],[0,0]],"o":[[0,11.958600000000004],[-3.6936000000000035,11.377199999999988],[-7.033800000000014,9.678599999999989],[-9.678599999999989,7.033800000000014],[-11.377199999999988,3.6936000000000035],[-11.958600000000004,0],[-11.377200000000002,-3.6936000000000035],[-9.678599999999996,-7.033800000000014],[-7.033799999999999,-9.678599999999989],[-3.6936,-11.377199999999988],[0,-11.958600000000004],[3.6936,-11.377200000000002],[7.033799999999999,-9.678599999999996],[9.678599999999996,-7.033799999999999],[11.377200000000002,-3.6936],[11.958600000000004,0],[11.377199999999988,3.6936],[9.678599999999989,7.033799999999999],[7.033800000000014,9.678599999999996],[3.6936000000000035,11.377200000000002],[0,0],[0,0]]}}},{"ty":"fl","o":{"a":1,"k":[{"t":0,"s":[100],"o":{"x":[0.5],"y":[0.35]},"i":{"x":[0.15],"y":[1]}},{"t":1.2,"s":[100],"o":{"x":[0.5],"y":[0.35]},"i":{"x":[0.15],"y":[1]}},{"t":9,"s":[100],"o":{"x":[0.5],"y":[0.35]},"i":{"x":[0.15],"y":[1]}},{"t":25.2,"s":[100],"o":{"x":[0.5],"y":[0.35]},"i":{"x":[0.15],"y":[1]}},{"t":60,"s":[100]}]},"c":{"a":1,"k":[{"t":0,"s":[0.5254901960784314,0.5254901960784314,0.5254901960784314,1],"o":{"x":[0.5],"y":[0.35]},"i":{"x":[0.15],"y":[1]}},{"t":1.2,"s":[0.803921568627451,0.803921568627451,0.803921568627451,1],"o":{"x":[0.5],"y":[0.35]},"i":{"x":[0.15],"y":[1]}},{"t":9,"s":[1,0.4,0.4,1],"o":{"x":[0.5],"y":[0.35]},"i":{"x":[0.15],"y":[1]}},{"t":25.2,"s":[0.984313725490196,0.7725490196078432,0.7725490196078432,1],"o":{"x":[0.5],"y":[0.35]},"i":{"x":[0.15],"y":[1]}},{"t":60,"s":[0.9450980392156862,0.9450980392156862,0.9450980392156862,1]}]},"nm":"Fill","hd":false,"r":1},{"ty":"tr","a":{"a":0,"k":[0,0]},"p":{"a":0,"k":[0,0]},"s":{"a":0,"k":[100,100]},"sk":{"a":0,"k":0},"sa":{"a":0,"k":0},"r":{"a":0,"k":0},"o":{"a":0,"k":100}}]}],"ef":[]}]}],"layers":[{"ty":3,"ddd":0,"ind":12144,"hd":false,"nm":"Frame 1 - Null","ks":{"a":{"a":0,"k":[0,0]},"o":{"a":0,"k":100},"p":{"a":0,"k":[0,0]},"r":{"a":0,"k":0},"s":{"a":0,"k":[100,100]},"sk":{"a":0,"k":0},"sa":{"a":0,"k":0}},"st":0,"ip":0,"op":60,"bm":0,"sr":1},{"ddd":0,"ty":0,"nm":"Frame 1","refId":"lh9r28t4ucnblwjdug","sr":1,"ks":{"a":{"a":0,"k":[0,0]},"p":{"a":0,"k":[0,0]},"s":{"a":0,"k":[100,100]},"sk":{"a":0,"k":0},"sa":{"a":0,"k":0},"r":{"a":0,"k":0},"o":{"a":0,"k":100}},"ao":0,"w":440,"h":389,"ip":0,"op":60,"st":0,"hd":false}],"meta":{"a":"","d":"","tc":"","g":"Aninix"}}